{
	"info": {
		"_postman_id": "c52cf089-adbe-42a6-8050-e4b0ac794869",
		"name": "Ingenico Semi-Integrated API",
		"description": "## How to start - [Developer Hub Documentation](https://developer.paymentshub.com/products/card-present/si-sdks/ingenico-si-api/integration)\n\n1. [Purchase a test terminal](https://developer.paymentshub.com/get-started/hardware) or [contact us](https://developer.paymentshub.com/contact) to use your own device and test credentials will be provided to you. All credentials will be preconfigured on the terminal and can be referenced on the [Credentials](https://developer.paymentshub.com/users/credentials) and [Terminals](https://developer.paymentshub.com/users/terminals) pages of the Payments Hub Developer Portal. These pages can be accessed while logged in by selecting the User profile icon in the top right corner of the screen and selecting the page from the drop-down menu.\n    \n2. Use the guide below to build your application against the test environment. Resources to assist with development, including test data, are provided [here](https://developer.paymentshub.com/products/card-present/si-sdks/ingenico-si-api/resources#test-resources).  \n    When logged in, you can use the [Integration Tracker](https://developer.paymentshub.com/users/integrations) to view the status of your integration, notes from meetings with Integration Engineers, resources related to your solution, and more by clicking the User profile icon in the top right corner of the screen and selecting Integrations.\n    \n3. Submit a request for certification using our [contact form](https://developer.paymentshub.com/contact). One of our analysts will begin the review process by validating the data you provided against our internal logs. If any changes are needed, our analysts will work with you until the application is ready to be certified.\n    \n4. You'll receive a letter of EPX certification with production credentials and can deploy your application for use.\n    \n\n## Connect your terminal\n\n1. Plug the Ethernet cable into the ETH port (2). We recommend that you connect the other end of the Ethernet cable directly to a router or modem. Switches, hubs, and other extenders can cause an issue with communication.\n    \n2. StartFragmentConnect the power cable to the round power port (4) on the other side of the magic box.EndFragment\n    \n\n**Note**: _The magic box comes attached to the terminal, but can be disconnected for a direct Ethernet connection.__EndFragment_\n\n## Pull your IP address\n\nTo connect to the terminal, you need to know the IP address of the terminal. This can be found in the Admin menu. To send transactions to the terminal, the Point of Sale software must be on the same network as the terminal. If you are using or building a utility to locate and map devices on the network, please refrain from using the device name. Instead, we recommend using the MAC address.\n\n### Setting up the Test\n\nAfter connecting your ingenico terminal, locate the IP address and enter the value under \"Terminal IP...Current Value.\"\n\n<img src=\"https://content.pstmn.io/6d380a0f-5ee6-49c8-b8f0-f307b3433e96/aW1hZ2UucG5n\" width=\"1008\" height=\"134\">\n\n### Run the test\n\nClick Run in the top right corner after your credentials have been entered and saved. Check the \"Persist Responses for a Session\" option to be able to inspect the HTTP Post requests and responses. Put enough delay between each test, to allow you to key enter or swipe the your test card on the device as prompted.\n\n<img src=\"https://content.pstmn.io/cca51556-63b5-4181-b87e-304ea6f1cc1a/aW1hZ2UucG5n\" width=\"1271\" height=\"658\">",
		"schema": "https://schema.getpostman.com/json/collection/v2.1.0/collection.json",
		"_exporter_id": "36284636",
		"_collection_link": "https://www.postman.com/north-exchange-team/workspace/ingenico-si-api-payments-hub-developers/collection/36822882-c52cf089-adbe-42a6-8050-e4b0ac794869?action=share&source=collection_link&creator=36284636"
	},
	"item": [
		{
			"name": "SI CCR0 (Verify)",
			"protocolProfileBehavior": {
				"disabledSystemHeaders": {
					"content-length": true,
					"user-agent": true,
					"accept": true,
					"accept-encoding": true,
					"connection": true,
					"content-type": true
				}
			},
			"request": {
				"method": "POST",
				"header": [
					{
						"key": "Content-Type",
						"value": "application/xml",
						"type": "text"
					},
					{
						"key": "Connection",
						"value": "close",
						"type": "text",
						"disabled": true
					},
					{
						"key": "Content-Length",
						"value": "213",
						"type": "text",
						"disabled": true
					}
				],
				"body": {
					"mode": "raw",
					"raw": "<DETAIL> \r\n    <TRAN_TYPE>CCR0</TRAN_TYPE>\r\n    <ADDRESS>123 Main St</ADDRESS>\r\n    <ZIP_CODE>12345</ZIP_CODE>\r\n    <CVV2>123</CVV2>\r\n </DETAIL>\r\n"
				},
				"url": {
					"raw": "http://{{Terminal IP}}:6200",
					"protocol": "http",
					"host": [
						"{{Terminal IP}}"
					],
					"port": "6200"
				}
			},
			"response": []
		},
		{
			"name": "SI CCR1 (Sale)",
			"event": [
				{
					"listen": "test",
					"script": {
						"exec": [
							"const xml2js = require('xml2js');\r",
							"let jsonResponse;\r",
							"xml2js.parseString(pm.response.text(),{explicitArray: false}, (err, result)=>{\r",
							"    jsonResponse = result;\r",
							"});\r",
							"console.log(jsonResponse.RESPONSE.AUTH_GUID);\r",
							"pm.collectionVariables.set(\"ORIG_AUTH_GUID\",jsonResponse.RESPONSE.AUTH_GUID);\r",
							"pm.test(\"Status code is 200\", function () {\r",
							"    pm.response.to.have.status(200);\r",
							"});"
						],
						"type": "text/javascript",
						"packages": {}
					}
				}
			],
			"protocolProfileBehavior": {
				"disabledSystemHeaders": {
					"user-agent": true,
					"accept": true,
					"accept-encoding": true,
					"connection": true,
					"content-type": true,
					"content-length": true,
					"host": true
				}
			},
			"request": {
				"method": "POST",
				"header": [
					{
						"key": "Content-Type",
						"value": "application/xml",
						"type": "text"
					},
					{
						"key": "Host",
						"value": "localhost:Port",
						"type": "text",
						"disabled": true
					},
					{
						"key": "Connection",
						"value": "close",
						"type": "text",
						"disabled": true
					},
					{
						"key": "Content-Length",
						"value": "213",
						"type": "text",
						"disabled": true
					}
				],
				"body": {
					"mode": "raw",
					"raw": "<DETAIL>\r\n<TRAN_TYPE>CCR1</TRAN_TYPE>\r\n<AMOUNT>123.00</AMOUNT>\r\n</DETAIL>"
				},
				"url": {
					"raw": "http://{{Terminal IP}}:6200",
					"protocol": "http",
					"host": [
						"{{Terminal IP}}"
					],
					"port": "6200"
				}
			},
			"response": []
		},
		{
			"name": "SI CCRX (Void)",
			"event": [
				{
					"listen": "prerequest",
					"script": {
						"exec": [
							""
						],
						"type": "text/javascript",
						"packages": {}
					}
				},
				{
					"listen": "test",
					"script": {
						"exec": [
							"const xml2js = require('xml2js');\r",
							"let jsonResponse;\r",
							"xml2js.parseString(pm.response.text(),{explicitArray: false}, (err, result)=>{\r",
							"    jsonResponse = result;\r",
							"});\r",
							"console.log(jsonResponse.RESPONSE.AUTH_GUID);\r",
							"pm.collectionVariables.set(\"VoidGuid\",jsonResponse.RESPONSE.AUTH_GUID);\r",
							"pm.test(\"Status code is 200\", function () {\r",
							"    pm.response.to.have.status(200);\r",
							"});"
						],
						"type": "text/javascript",
						"packages": {}
					}
				}
			],
			"request": {
				"method": "POST",
				"header": [
					{
						"key": "Content-Type",
						"value": "text/xml",
						"type": "text"
					}
				],
				"body": {
					"mode": "raw",
					"raw": "<DETAIL>\r\n<TRAN_TYPE>CCRX</TRAN_TYPE>\r\n<ORIG_AUTH_GUID>{{ORIG_AUTH_GUID}}</ORIG_AUTH_GUID>\r\n<CARD_ENT_METH>Z<CARD_ENT_METH>\r\n</DETAIL>"
				},
				"url": {
					"raw": "http://{{Terminal IP}}:6200",
					"protocol": "http",
					"host": [
						"{{Terminal IP}}"
					],
					"port": "6200"
				}
			},
			"response": []
		},
		{
			"name": "SI CCR2 (Auth Only)",
			"event": [
				{
					"listen": "test",
					"script": {
						"exec": [
							"const xml2js = require('xml2js');\r",
							"let jsonResponse;\r",
							"xml2js.parseString(pm.response.text(),{explicitArray: false}, (err, result)=>{\r",
							"    jsonResponse = result;\r",
							"});\r",
							"console.log(jsonResponse.RESPONSE.AUTH_GUID);\r",
							"pm.collectionVariables.set(\"IncAuthGuid\",jsonResponse.RESPONSE.AUTH_GUID);\r",
							"pm.test(\"Status code is 200\", function () {\r",
							"    pm.response.to.have.status(200);\r",
							"});"
						],
						"type": "text/javascript",
						"packages": {}
					}
				}
			],
			"protocolProfileBehavior": {
				"disabledSystemHeaders": {
					"content-length": true,
					"host": true,
					"user-agent": true,
					"accept": true,
					"accept-encoding": true,
					"connection": true,
					"content-type": true
				}
			},
			"request": {
				"method": "POST",
				"header": [
					{
						"key": "Content-Type",
						"value": "application/xml",
						"type": "text"
					},
					{
						"key": "Connection",
						"value": "close",
						"type": "text",
						"disabled": true
					},
					{
						"key": "Content-Length",
						"value": "213",
						"type": "text",
						"disabled": true
					}
				],
				"body": {
					"mode": "raw",
					"raw": "<DETAIL> \r\n<TRAN_TYPE>CCR2</TRAN_TYPE>\r\n<AMOUNT>20.00</AMOUNT>\r\n<TRAN_NBR>21</TRAN_NBR>\r\n<BATCH_ID>5122022</BATCH_ID>\r\n<USER_DATA1>123456789</USER_DATA1>\r\n<USER_DATA2>MISHACCR2TEST</USER_DATA2>\r\n<VERBOSE_RESPONSE>Y</VERBOSE_RESPONSE>\r\n </DETAIL>"
				},
				"url": {
					"raw": "http://{{Terminal IP}}:6200",
					"protocol": "http",
					"host": [
						"{{Terminal IP}}"
					],
					"port": "6200"
				}
			},
			"response": []
		},
		{
			"name": "SI Inc Auth",
			"event": [
				{
					"listen": "test",
					"script": {
						"exec": [
							"const xml2js = require('xml2js');\r",
							"let jsonResponse;\r",
							"xml2js.parseString(pm.response.text(),{explicitArray: false}, (err, result)=>{\r",
							"    jsonResponse = result;\r",
							"});\r",
							"console.log(jsonResponse.RESPONSE.AUTH_GUID);\r",
							"pm.collectionVariables.set(\"AuthGuidforCap\",jsonResponse.RESPONSE.AUTH_GUID);\r",
							"pm.test(\"Status code is 200\", function () {\r",
							"    pm.response.to.have.status(200);\r",
							"});"
						],
						"type": "text/javascript",
						"packages": {}
					}
				}
			],
			"protocolProfileBehavior": {
				"disabledSystemHeaders": {
					"content-length": true,
					"host": true,
					"user-agent": true,
					"accept": true,
					"accept-encoding": true,
					"connection": true,
					"content-type": true
				}
			},
			"request": {
				"method": "POST",
				"header": [
					{
						"key": "Content-Type",
						"value": "application/xml",
						"type": "text"
					},
					{
						"key": "Connection",
						"value": "close",
						"type": "text",
						"disabled": true
					},
					{
						"key": "Content-Length",
						"value": "213",
						"type": "text",
						"disabled": true
					}
				],
				"body": {
					"mode": "raw",
					"raw": "<DETAIL> \r\n    <TRAN_TYPE>CCR2</TRAN_TYPE>\r\n    <ACI>I</ACI>\r\n    <AMOUNT>2.00</AMOUNT>\r\n    <CARD_ENT_METH>Z</CARD_ENT_METH>\r\n    <ORIG_AUTH_GUID>{{IncAuthGuid}}</ORIG_AUTH_GUID>\r\n    <TRAN_NBR>20</TRAN_NBR>\r\n    <BATCH_ID>4112022</BATCH_ID>\r\n </DETAIL>\r\n"
				},
				"url": {
					"raw": "http://{{Terminal IP}}:6200",
					"protocol": "http",
					"host": [
						"{{Terminal IP}}"
					],
					"port": "6200"
				}
			},
			"response": []
		},
		{
			"name": "SI CCR4 (Capture Only)",
			"event": [
				{
					"listen": "test",
					"script": {
						"exec": [
							"const xml2js = require('xml2js');\r",
							"let jsonResponse;\r",
							"xml2js.parseString(pm.response.text(),{explicitArray: false}, (err, result)=>{\r",
							"    jsonResponse = result;\r",
							"});\r",
							"console.log(jsonResponse.RESPONSE.AUTH_GUID);\r",
							"pm.collectionVariables.set(\"AuthGuidforRefund\",jsonResponse.RESPONSE.AUTH_GUID);\r",
							"console.log(jsonResponse.RESPONSE.TRAN_NBR);\r",
							"pm.collectionVariables.set(\"TRAN_NBR_for_Refund\",jsonResponse.RESPONSE.TRAN_NBR);\r",
							"console.log(jsonResponse.RESPONSE.BATCH_ID);\r",
							"pm.collectionVariables.set(\"BATCH_ID_For_Refund\",jsonResponse.RESPONSE.BATCH_ID);\r",
							"pm.test(\"Status code is 200\", function () {\r",
							"    pm.response.to.have.status(200);\r",
							"});"
						],
						"type": "text/javascript",
						"packages": {}
					}
				}
			],
			"request": {
				"method": "POST",
				"header": [
					{
						"key": "Content-Type",
						"value": "text/xml",
						"type": "text"
					}
				],
				"body": {
					"mode": "raw",
					"raw": "<DETAIL>\r\n<TRAN_TYPE>CCR4</TRAN_TYPE>\r\n<AMOUNT>22.00</AMOUNT>\r\n<TIP_AMT>2.00</TIP_AMT>\r\n<ORIG_AUTH_GUID>{{AuthGuidforCap}}</ORIG_AUTH_GUID>\r\n<CARD_ENT_METH>Z</CARD_ENT_METH>\r\n</DETAIL>"
				},
				"url": {
					"raw": "http://{{Terminal IP}}:6200",
					"protocol": "http",
					"host": [
						"{{Terminal IP}}"
					],
					"port": "6200"
				}
			},
			"response": []
		},
		{
			"name": "SI CCR9 (Refund w/ Guid)",
			"event": [
				{
					"listen": "test",
					"script": {
						"exec": [
							"const xml2js = require('xml2js');\r",
							"let jsonResponse;\r",
							"xml2js.parseString(pm.response.text(),{explicitArray: false}, (err, result)=>{\r",
							"    jsonResponse = result;\r",
							"});\r",
							"console.log(jsonResponse.RESPONSE.AUTH_GUID);\r",
							"pm.collectionVariables.set(\"GuidfromRefundwithguid\",jsonResponse.RESPONSE.AUTH_GUID);\r",
							"pm.test(\"Status code is 200\", function () {\r",
							"    pm.response.to.have.status(200);\r",
							"});"
						],
						"type": "text/javascript",
						"packages": {}
					}
				}
			],
			"request": {
				"method": "POST",
				"header": [
					{
						"key": "Content-Type",
						"value": "application/xml",
						"type": "text"
					}
				],
				"body": {
					"mode": "raw",
					"raw": "<DETAIL>\r\n<TRAN_TYPE>CCR9</TRAN_TYPE>\r\n<AMOUNT>5.00</AMOUNT>\r\n<BATCH_ID>{{BATCH_ID_For_Refund}}</BATCH_ID>\r\n<TRAN_NBR>{{TRAN_NBR_for_Refund}}</TRAN_NBR>\r\n<ORIG_AUTH_GUID>{{AuthGuidforRefund}}</ORIG_AUTH_GUID>\r\n<CARD_ENT_METH>Z</CARD_ENT_METH>\r\n<INDUSTRY_TYPE>P</INDUSTRY_TYPE>\r\n</DETAIL>"
				},
				"url": {
					"raw": "http://{{Terminal IP}}:6200",
					"protocol": "http",
					"host": [
						"{{Terminal IP}}"
					],
					"port": "6200",
					"query": [
						{
							"key": "",
							"value": null,
							"disabled": true
						}
					]
				}
			},
			"response": []
		},
		{
			"name": "SI CCR1 (Sale for reversal)",
			"event": [
				{
					"listen": "test",
					"script": {
						"exec": [
							"const xml2js = require('xml2js');\r",
							"let jsonResponse;\r",
							"xml2js.parseString(pm.response.text(),{explicitArray: false}, (err, result)=>{\r",
							"    jsonResponse = result;\r",
							"});\r",
							"console.log(jsonResponse.RESPONSE.TRAN_NBR);\r",
							"pm.collectionVariables.set(\"TRAN_NBRForReversal\",jsonResponse.RESPONSE.TRAN_NBR);\r",
							"console.log(jsonResponse.RESPONSE.BATCH_ID);\r",
							"pm.collectionVariables.set(\"BATCH_IDForReversal\",jsonResponse.RESPONSE.BATCH_ID);\r",
							"pm.test(\"Status code is 200\", function () {\r",
							"    pm.response.to.have.status(200);\r",
							"});"
						],
						"type": "text/javascript",
						"packages": {}
					}
				}
			],
			"protocolProfileBehavior": {
				"disabledSystemHeaders": {
					"user-agent": true,
					"accept": true,
					"accept-encoding": true,
					"connection": true,
					"content-type": true,
					"content-length": true,
					"host": true
				}
			},
			"request": {
				"method": "POST",
				"header": [
					{
						"key": "Content-Type",
						"value": "application/xml",
						"type": "text"
					},
					{
						"key": "Host",
						"value": "localhost:Port",
						"type": "text",
						"disabled": true
					},
					{
						"key": "Connection",
						"value": "close",
						"type": "text",
						"disabled": true
					},
					{
						"key": "Content-Length",
						"value": "213",
						"type": "text",
						"disabled": true
					}
				],
				"body": {
					"mode": "raw",
					"raw": "<DETAIL>\r\n<TRAN_TYPE>CCR1</TRAN_TYPE>\r\n<AMOUNT>123.00</AMOUNT>\r\n</DETAIL>"
				},
				"url": {
					"raw": "http://{{Terminal IP}}:6200",
					"protocol": "http",
					"host": [
						"{{Terminal IP}}"
					],
					"port": "6200"
				}
			},
			"response": []
		},
		{
			"name": "SI CCR7 (Reversal)",
			"event": [
				{
					"listen": "test",
					"script": {
						"exec": [
							"const xml2js = require('xml2js');\r",
							"let jsonResponse;\r",
							"xml2js.parseString(pm.response.text(),{explicitArray: false}, (err, result)=>{\r",
							"    jsonResponse = result;\r",
							"});\r",
							"console.log(jsonResponse.RESPONSE.AUTH_GUID);\r",
							"pm.collectionVariables.set(\"ReversalGuid\",jsonResponse.RESPONSE.AUTH_GUID);\r",
							"pm.test(\"Status code is 200\", function () {\r",
							"    pm.response.to.have.status(200);\r",
							"});"
						],
						"type": "text/javascript",
						"packages": {}
					}
				}
			],
			"request": {
				"method": "POST",
				"header": [
					{
						"key": "Content-Type",
						"value": "text/xml",
						"type": "text"
					}
				],
				"body": {
					"mode": "raw",
					"raw": "<DETAIL>\r\n<TRAN_TYPE>CCR7</TRAN_TYPE>\r\n<BATCH_ID>{{BATCH_IDForReversal}}</BATCH_ID>\r\n<TRAN_NBR>{{TRAN_NBRForReversal}}</TRAN_TYPE>\r\n</DETAIL>"
				},
				"url": {
					"raw": "http://{{Terminal IP}}:6200",
					"protocol": "http",
					"host": [
						"{{Terminal IP}}"
					],
					"port": "6200"
				}
			},
			"response": []
		},
		{
			"name": "SI CCR1 (Sale for refund)",
			"event": [
				{
					"listen": "test",
					"script": {
						"exec": [
							"const xml2js = require('xml2js');\r",
							"let jsonResponse;\r",
							"xml2js.parseString(pm.response.text(),{explicitArray: false}, (err, result)=>{\r",
							"    jsonResponse = result;\r",
							"});\r",
							"console.log(jsonResponse.RESPONSE.AUTH_GUID);\r",
							"pm.collectionVariables.set(\"ORIG_AUTH_GUID\",jsonResponse.RESPONSE.AUTH_GUID);\r",
							"pm.test(\"Status code is 200\", function () {\r",
							"    pm.response.to.have.status(200);\r",
							"});"
						],
						"type": "text/javascript",
						"packages": {}
					}
				}
			],
			"protocolProfileBehavior": {
				"disabledSystemHeaders": {
					"user-agent": true,
					"accept": true,
					"accept-encoding": true,
					"connection": true,
					"content-type": true,
					"content-length": true,
					"host": true
				}
			},
			"request": {
				"method": "POST",
				"header": [
					{
						"key": "Content-Type",
						"value": "application/xml",
						"type": "text"
					},
					{
						"key": "Host",
						"value": "localhost:Port",
						"type": "text",
						"disabled": true
					},
					{
						"key": "Connection",
						"value": "close",
						"type": "text",
						"disabled": true
					},
					{
						"key": "Content-Length",
						"value": "213",
						"type": "text",
						"disabled": true
					}
				],
				"body": {
					"mode": "raw",
					"raw": "<DETAIL>\r\n<TRAN_TYPE>CCR1</TRAN_TYPE>\r\n<AMOUNT>5.00</AMOUNT>\r\n</DETAIL>"
				},
				"url": {
					"raw": "http://{{Terminal IP}}:6200",
					"protocol": "http",
					"host": [
						"{{Terminal IP}}"
					],
					"port": "6200"
				}
			},
			"response": []
		},
		{
			"name": "SI CCR9 (Refund)",
			"event": [
				{
					"listen": "test",
					"script": {
						"exec": [
							"const xml2js = require('xml2js');\r",
							"let jsonResponse;\r",
							"xml2js.parseString(pm.response.text(),{explicitArray: false}, (err, result)=>{\r",
							"    jsonResponse = result;\r",
							"});\r",
							"console.log(jsonResponse.RESPONSE.AUTH_GUID);\r",
							"pm.collectionVariables.set(\"GuidFromRefund\",jsonResponse.RESPONSE.AUTH_GUID);\r",
							"pm.test(\"Status code is 200\", function () {\r",
							"    pm.response.to.have.status(200);\r",
							"});"
						],
						"type": "text/javascript",
						"packages": {}
					}
				}
			],
			"request": {
				"method": "POST",
				"header": [
					{
						"key": "Content-Type",
						"value": "application/xml",
						"type": "text"
					}
				],
				"body": {
					"mode": "raw",
					"raw": "<DETAIL>\r\n    <TRAN_TYPE>CCR9</TRAN_TYPE>\r\n    <AMOUNT>5.00</AMOUNT>\r\n</DETAIL>"
				},
				"url": {
					"raw": "http://{{Terminal IP}}:6200",
					"protocol": "http",
					"host": [
						"{{Terminal IP}}"
					],
					"port": "6200"
				}
			},
			"response": []
		}
	],
	"event": [
		{
			"listen": "prerequest",
			"script": {
				"type": "text/javascript",
				"packages": {},
				"exec": [
					""
				]
			}
		},
		{
			"listen": "test",
			"script": {
				"type": "text/javascript",
				"packages": {},
				"exec": [
					""
				]
			}
		}
	],
	"variable": [
		{
			"key": "Terminal IP",
			"value": "Input your devices IP address",
			"type": "string"
		},
		{
			"key": "ORIG_AUTH_GUID",
			"value": "Run Sale to populate"
		},
		{
			"key": "AuthGuidforCap",
			"value": "Run AuthOnly/incauth to populate",
			"type": "string"
		},
		{
			"key": "AuthGuidforRefund",
			"value": "Run Sale for Refund to populate",
			"type": "string"
		},
		{
			"key": "VoidGuid",
			"value": "run void to populate",
			"type": "string"
		},
		{
			"key": "IncAuthGuid",
			"value": "run auth only to populate",
			"type": "string"
		},
		{
			"key": "TRAN_NBRForReversal",
			"value": "Run Sale for Reversal",
			"type": "string"
		},
		{
			"key": "BATCH_IDForReversal",
			"value": "Run Sale for Reversal",
			"type": "string"
		},
		{
			"key": "ReversalGuid",
			"value": "Run Reversal",
			"type": "string"
		},
		{
			"key": "GuidfromRefundwithguid",
			"value": "Run refund w/ guid",
			"type": "string"
		},
		{
			"key": "GuidFromRefund",
			"value": "Run refund",
			"type": "string"
		},
		{
			"key": "TRAN_NBR_for_Refund",
			"value": "Run Capture Only (after auth only &inc auth)",
			"type": "string"
		},
		{
			"key": "BATCH_ID_For_Refund",
			"value": "Run Capture Only (after auth only &inc auth)",
			"type": "string"
		},
		{
			"key": "AuthGuidforVoid",
			"value": "Run Sale for Void to populate",
			"type": "string"
		},
		{
			"key": "AuthGuidforReversal",
			"value": "Run Sale for Reversal to populate",
			"type": "string"
		}
	]
}